contents,title,url
,빡쳤던 현암정 문콕후기,https://www.bobaedream.co.kr/view?code=battle&No=1344514
,빡쳤던 현암정 문콕후기,https://www.bobaedream.co.kr/view?code=battle&No=1344514
contents,title,url
,빡쳤던 현암정 문콕후기,https://www.bobaedream.co.kr/view?code=battle&No=1344514
,빡쳤던 현암정 문콕후기,https://www.bobaedream.co.kr/view?code=battle&No=1344514
contents,title,url
,빡쳤던 현암정 문콕후기,https://www.bobaedream.co.kr/view?code=battle&No=1344514
,빡쳤던 현암정 문콕후기,https://www.bobaedream.co.kr/view?code=battle&No=1344514
contents,title,url
,으따 오늘도 빨갱이들이 만선이노^^윤석열 대승~,https://www.bobaedream.co.kr/view?code=politic&No=532834
,토론회 요약,https://www.bobaedream.co.kr/view?code=politic&No=532831
,김해경법인카드 사용,https://www.bobaedream.co.kr/view?code=politic&No=532849
,아..참 이재명 또 말바꾸기네?,https://www.bobaedream.co.kr/view?code=politic&No=530171
,윤석열이 re100을 모르는게 어이없는 이유,https://www.bobaedream.co.kr/view?code=politic&No=532801
,토론회 윤석열 압승!,https://www.bobaedream.co.kr/view?code=politic&No=532802
,윤석열 도대체 아는게 뭐가있지? ㅋㅋㅋㅋㅋㅋ,https://www.bobaedream.co.kr/view?code=politic&No=532821
,윤석열 후보님 남은 토론에서도 대장동입니다,https://www.bobaedream.co.kr/view?code=politic&No=532825
,경제쪽에서도 윤석열 후보가 찢사마를 발랐죠,https://www.bobaedream.co.kr/view?code=politic&No=532823
,윤석열이 생각보다 잘한건 사실임,https://www.bobaedream.co.kr/view?code=politic&No=532818
,왜 윤석열 관련글이 베스트만 올라가면 삭제 되는거죠?,https://www.bobaedream.co.kr/view?code=politic&No=532809
,윤석열 토론을보고 공포가 느껴졌다.,https://www.bobaedream.co.kr/view?code=best&No=497980
,윤석열 나온 서울대 커뮤니티 근황 ㅋㅋㅋ,https://www.bobaedream.co.kr/view?code=best&No=497937
,김만배 발언이 언급된 순간 윤석열 표정,https://www.bobaedream.co.kr/view?code=best&No=497993
,윤석열 또 거짓말,https://www.bobaedream.co.kr/view?code=best&No=497999
,윤석열의 비밀무기 gif,https://www.bobaedream.co.kr/view?code=best&No=498007
,조중동 1면을 보니 윤석열 폭망이군요,https://www.bobaedream.co.kr/view?code=best&No=497997
contents,title,url
,으따 오늘도 빨갱이들이 만선이노^^윤석열 대승~,https://www.bobaedream.co.kr/view?code=politic&No=532834
,토론회 요약,https://www.bobaedream.co.kr/view?code=politic&No=532831
,김해경법인카드 사용,https://www.bobaedream.co.kr/view?code=politic&No=532849
,아..참 이재명 또 말바꾸기네?,https://www.bobaedream.co.kr/view?code=politic&No=530171
,윤석열이 re100을 모르는게 어이없는 이유,https://www.bobaedream.co.kr/view?code=politic&No=532801
,토론회 윤석열 압승!,https://www.bobaedream.co.kr/view?code=politic&No=532802
,왜 윤석열 관련글이 베스트만 올라가면 삭제 되는거죠?,https://www.bobaedream.co.kr/view?code=politic&No=532809
,윤석열이 생각보다 잘한건 사실임,https://www.bobaedream.co.kr/view?code=politic&No=532818
,윤석열 후보님 남은 토론에서도 대장동입니다,https://www.bobaedream.co.kr/view?code=politic&No=532825
,경제쪽에서도 윤석열 후보가 찢사마를 발랐죠,https://www.bobaedream.co.kr/view?code=politic&No=532823
,윤석열 도대체 아는게 뭐가있지? ㅋㅋㅋㅋㅋㅋ,https://www.bobaedream.co.kr/view?code=politic&No=532821
,윤석열 나온 서울대 커뮤니티 근황 ㅋㅋㅋ,https://www.bobaedream.co.kr/view?code=best&No=497937
,윤석열 토론을보고 공포가 느껴졌다.,https://www.bobaedream.co.kr/view?code=best&No=497980
,차라리 울고싶은 윤석열,https://www.bobaedream.co.kr/view?code=best&No=498010
,조중동 1면을 보니 윤석열 폭망이군요,https://www.bobaedream.co.kr/view?code=best&No=497997
,윤석열의 비밀무기 gif,https://www.bobaedream.co.kr/view?code=best&No=498007
,김만배 발언이 언급된 순간 윤석열 표정,https://www.bobaedream.co.kr/view?code=best&No=497993
,윤석열 또 거짓말,https://www.bobaedream.co.kr/view?code=best&No=497999
contents,title,url
,으따 오늘도 빨갱이들이 만선이노^^윤석열 대승~,https://www.bobaedream.co.kr/view?code=politic&No=532834
,토론회 요약,https://www.bobaedream.co.kr/view?code=politic&No=532831
,김해경법인카드 사용,https://www.bobaedream.co.kr/view?code=politic&No=532849
,아..참 이재명 또 말바꾸기네?,https://www.bobaedream.co.kr/view?code=politic&No=530171
,RE100,https://www.bobaedream.co.kr/view?code=politic&No=532860
,토론회 윤석열 압승!,https://www.bobaedream.co.kr/view?code=politic&No=532802
,윤석열이 re100을 모르는게 어이없는 이유,https://www.bobaedream.co.kr/view?code=politic&No=532801
,왜 윤석열 관련글이 베스트만 올라가면 삭제 되는거죠?,https://www.bobaedream.co.kr/view?code=politic&No=532809
,경제쪽에서도 윤석열 후보가 찢사마를 발랐죠,https://www.bobaedream.co.kr/view?code=politic&No=532823
,윤석열 후보님 남은 토론에서도 대장동입니다,https://www.bobaedream.co.kr/view?code=politic&No=532825
,윤석열이 생각보다 잘한건 사실임,https://www.bobaedream.co.kr/view?code=politic&No=532818
,윤석열 도대체 아는게 뭐가있지? ㅋㅋㅋㅋㅋㅋ,https://www.bobaedream.co.kr/view?code=politic&No=532821
,윤석열 나온 서울대 커뮤니티 근황 ㅋㅋㅋ,https://www.bobaedream.co.kr/view?code=best&No=497937
,윤석열 토론을보고 공포가 느껴졌다.,https://www.bobaedream.co.kr/view?code=best&No=497980
,김만배 발언이 언급된 순간 윤석열 표정,https://www.bobaedream.co.kr/view?code=best&No=497993
,윤석열 또 거짓말,https://www.bobaedream.co.kr/view?code=best&No=497999
,윤석열의 비밀무기 gif,https://www.bobaedream.co.kr/view?code=best&No=498007
,조중동 1면을 보니 윤석열 폭망이군요,https://www.bobaedream.co.kr/view?code=best&No=497997
,차라리 울고싶은 윤석열,https://www.bobaedream.co.kr/view?code=best&No=498010
contents,title,url
,으따 오늘도 빨갱이들이 만선이노^^윤석열 대승~,https://www.bobaedream.co.kr/view?code=politic&No=532834
,토론회 윤석열 압승!,https://www.bobaedream.co.kr/view?code=politic&No=532802
,김해경법인카드 사용,https://www.bobaedream.co.kr/view?code=politic&No=532849
,RE100,https://www.bobaedream.co.kr/view?code=politic&No=532860
,아..참 이재명 또 말바꾸기네?,https://www.bobaedream.co.kr/view?code=politic&No=530171
,왜 윤석열 관련글이 베스트만 올라가면 삭제 되는거죠?,https://www.bobaedream.co.kr/view?code=politic&No=532809
,윤석열 도대체 아는게 뭐가있지? ㅋㅋㅋㅋㅋㅋ,https://www.bobaedream.co.kr/view?code=politic&No=532821
,윤석열 후보님 남은 토론에서도 대장동입니다,https://www.bobaedream.co.kr/view?code=politic&No=532825
,경제쪽에서도 윤석열 후보가 찢사마를 발랐죠,https://www.bobaedream.co.kr/view?code=politic&No=532823
,윤석열이 생각보다 잘한건 사실임,https://www.bobaedream.co.kr/view?code=politic&No=532818
,토론회 요약,https://www.bobaedream.co.kr/view?code=politic&No=532831
,윤석열 토론을보고 공포가 느껴졌다.,https://www.bobaedream.co.kr/view?code=best&No=497980
,윤석열 나온 서울대 커뮤니티 근황 ㅋㅋㅋ,https://www.bobaedream.co.kr/view?code=best&No=497937
,김만배 발언이 언급된 순간 윤석열 표정,https://www.bobaedream.co.kr/view?code=best&No=497993
,조중동 1면을 보니 윤석열 폭망이군요,https://www.bobaedream.co.kr/view?code=best&No=497997
,윤석열 또 거짓말,https://www.bobaedream.co.kr/view?code=best&No=497999
,윤석열의 비밀무기 gif,https://www.bobaedream.co.kr/view?code=best&No=498007
,차라리 울고싶은 윤석열,https://www.bobaedream.co.kr/view?code=best&No=498010
contents,title,url
,토론회 윤석열 압승!,https://www.bobaedream.co.kr/view?code=politic&No=532802
,으따 오늘도 빨갱이들이 만선이노^^윤석열 대승~,https://www.bobaedream.co.kr/view?code=politic&No=532834
,김해경법인카드 사용,https://www.bobaedream.co.kr/view?code=politic&No=532849
,RE100,https://www.bobaedream.co.kr/view?code=politic&No=532860
,아..참 이재명 또 말바꾸기네?,https://www.bobaedream.co.kr/view?code=politic&No=530171
,윤석열이 생각보다 잘한건 사실임,https://www.bobaedream.co.kr/view?code=politic&No=532818
,왜 윤석열 관련글이 베스트만 올라가면 삭제 되는거죠?,https://www.bobaedream.co.kr/view?code=politic&No=532809
,윤석열 도대체 아는게 뭐가있지? ㅋㅋㅋㅋㅋㅋ,https://www.bobaedream.co.kr/view?code=politic&No=532821
,경제쪽에서도 윤석열 후보가 찢사마를 발랐죠,https://www.bobaedream.co.kr/view?code=politic&No=532823
,토론회 요약,https://www.bobaedream.co.kr/view?code=politic&No=532831
,윤석열 후보님 남은 토론에서도 대장동입니다,https://www.bobaedream.co.kr/view?code=politic&No=532825
,윤석열 토론을보고 공포가 느껴졌다.,https://www.bobaedream.co.kr/view?code=best&No=497980
,차라리 울고싶은 윤석열,https://www.bobaedream.co.kr/view?code=best&No=498010
,윤석열 또 거짓말,https://www.bobaedream.co.kr/view?code=best&No=497999
,김만배 발언이 언급된 순간 윤석열 표정,https://www.bobaedream.co.kr/view?code=best&No=497993
,윤석열의 비밀무기 gif,https://www.bobaedream.co.kr/view?code=best&No=498007
,조중동 1면을 보니 윤석열 폭망이군요,https://www.bobaedream.co.kr/view?code=best&No=497997
,윤석열 나온 서울대 커뮤니티 근황 ㅋㅋㅋ,https://www.bobaedream.co.kr/view?code=best&No=497937
